,GY,SE,AN,YO,SI
1,22.72450819,152.9757375,167.6332626,11.71173033,162.860309
2,35.3117228,66.10744936,114.9391019,13.22625078,167.3816722
3,52.18538136,12.69771893,193.5661039,27.39593683,271.7467485
