ABS,PET,PPP,
1,22.72450819,152.9757375,167.6332626
2,35.3117228,66.10744936,114.9391019
3,52.18538136,12.69771893,193.5661039
4,11.71173033,162.860309,59.1050802
5,13.22625078,167.3816722,107.0292375
6,27.39593683,271.7467485,83.32023416
7,82.02700426,69.18304533,192.6568883
